length of patch,width of patch,height of patch,height of substrate,height of solder resist layer,radius of the probe,c_pad,c_antipad,c_probe,dielectric constant of substrate,dielectric constant of solder resist layer
3.2020244557210553,2.28874189662943,0.012513610537355068,0.13924702413788564,0.04175705646483653,0.028566453425757816,0.0005490980558720882,0.03240254450060957,0.3481403651262386,3.735926245057721,4.27857454959393
2.1078481803506763,2.895503627213319,0.037170906338956436,0.1494916623734,0.05677469380775993,0.028929602261591317,0.005535991704539157,0.053646508077885194,0.3263687241599429,4.929861969179402,4.876067634038332
3.2521134784310046,4.818410689866884,0.02543176728894827,0.5788343341666536,0.02997203757004232,0.030921598691236462,0.02027419670808728,0.04984546724745634,0.44663883549834876,4.772670033795305,4.745105957652944
4.161509323039801,2.2943090425936497,0.011057959378167467,0.11726629647954014,0.09322326461100403,0.017603831390753274,0.0011347265179350618,0.09861045639939595,0.05566543209020473,4.102438426391438,3.755671417710675
4.820912397317392,2.948325396356445,0.019658420359825724,0.16350311116911853,0.09433670367015777,0.025757218982767782,0.021725060431300073,0.07281342618826583,0.2722823831522052,2.5310313395816215,3.0475527736836243
4.7356626429378075,2.767609950165182,0.03688638623051307,0.1130634446959486,0.0783400848897878,0.03286515524841428,0.011683005243026522,0.038070387466850715,0.38784163524026666,2.065847613827084,2.9769758510346196
4.417282625891355,4.68007070531385,0.021618990823649376,0.7251131086943335,0.04383053189994389,0.04277933732570262,0.010558917323343017,0.030889601122627935,0.15510957532217962,3.9164464050056003,4.426598246258417
4.396058209297409,4.911713893805223,0.01230186411471007,0.7755077307997079,0.028361082055141065,0.04215661995393345,0.015961731956700264,0.04936202656691149,0.2659027953377102,4.0378339920715804,3.2185943666002594
4.18476026339745,2.4766572084132936,0.011684201366600888,0.10784757284432239,0.08424539350018091,0.04848635521225085,0.011607520036375626,0.05100870041006473,0.3842831184437097,2.65768173778814,2.6695894083512157
3.0993885934909495,2.876965130329907,0.018961064479783962,0.11416027138065227,0.05190373666022716,0.046423437246327866,0.015853061449283543,0.04727818578810535,0.40813425732553255,3.9913372704940375,3.630953572347566
2.004802620164095,5.10107178574523,0.018469689110195482,0.7094973170144897,0.055456891663004146,0.0318125436927265,0.003699324649201666,0.09128817533458566,0.11293584860385358,4.320243574419031,3.275606857369092
4.566451437042094,2.276003757312449,0.022005253875816963,0.13587047608710165,0.08515530718582938,0.020616991953279012,0.009772614354296237,0.06758334233405583,0.198561949034751,2.1858489728661294,3.708424847316926
2.7807904715068497,3.1548336299366904,0.024882432192821432,0.15633129365530227,0.041654973456069055,0.0203151272110824,0.014389407247541036,0.07227025027710686,0.3909317391035945,4.705284868149761,2.513906062028288
3.886233841468565,2.8930965898377674,0.0224007592126073,0.10120998338528639,0.09589988309050905,0.02256185474350326,0.009897103698603473,0.059130452820486734,0.39273944484456613,3.181728504127987,2.9925723884205198
4.959221447607305,2.117792658122949,0.03803003154054239,0.11784175849623499,0.05264570915531147,0.021631686223156053,0.009264468939997682,0.03115066951514437,0.2146292000321402,4.426562372100142,4.173584597127368
1.915737564844145,4.838722061682627,0.019502581660510464,0.6823598555729076,0.06913083378310227,0.017531747506858812,0.012624647468918546,0.0842688452491295,0.34972619108171676,4.058515483315138,3.096045666954174
3.841390725972791,5.1071662422296775,0.013298951050482642,0.6958405696252623,0.024691303082793895,0.04312574283247089,0.013845929620588846,0.058562026602727975,0.3151542518765067,4.975077614108558,2.5029420867474235
3.382108450939409,2.8205612360203496,0.018023104325165358,0.10548861910240279,0.07925749536491009,0.04154082171546809,0.006318849277611652,0.054177222449395206,0.37927295479598216,3.711468225942165,3.8444797531265373
3.5697587160657838,2.859959239217495,0.03409325123298318,0.15347049776410085,0.06278546373291398,0.015290418348203529,0.0034887200644697653,0.06147276131271795,0.21888914705134493,2.412758266959767,2.508628368064571
4.797200341074168,2.5515157104116573,0.023191227494636067,0.15140516413278748,0.07624276502150605,0.04633287043284185,0.020184926467155778,0.09942138075879378,0.3461426031462692,2.1888722173723765,2.2353924128579368
4.8574792127680935,4.923221957757254,0.015349007923162704,0.705301204235964,0.07557996052498338,0.02596257479254737,0.019034980240969668,0.03610353339559553,0.20469760865040254,4.458069497197468,4.944863238472209
3.4428002888966307,3.125198423545706,0.011620367819051942,0.11951042224650418,0.04879071940609829,0.02876425172797975,0.011263721980188351,0.03628875223538776,0.0945902831574235,2.538975847181884,3.971117860391485
1.9758343345336997,5.010069832971643,0.03168787650713829,0.672279758252666,0.03321425765294379,0.019457112900240502,0.008037298672904624,0.05163795037881794,0.25826542435276884,4.508511860375716,3.263278472739021
3.9011193778513746,4.78870181059943,0.021735075312888756,0.6099633923283166,0.040260705067316715,0.02242541873368019,0.004241901704318341,0.04978722210480488,0.20520802971465352,4.256062902481217,3.2673975518755602
2.258222635671531,4.770378581388046,0.02035372592283302,0.706287815836658,0.034569316683672385,0.036714511697478844,0.023169994251968515,0.02786329636585269,0.31033623651310704,3.523632809326348,3.8493577787178777
4.331624915743486,5.139468092964814,0.035157680237519036,0.7376961449691561,0.04643600933060543,0.04886991864142353,0.021225446294797945,0.0275467618714787,0.43659126972544293,3.6832097456418227,3.674114903818859
3.777555665987083,5.139917470158327,0.03162049138378262,0.6697542356596545,0.03708797037542967,0.041819267885545304,0.01696151156435532,0.09763387835859622,0.11157931744483474,4.804614607098667,4.433872802389757
2.887983297366671,3.3638260951293244,0.020812405416400545,0.15757175238922122,0.026578217681619543,0.03017983427048756,5.6207045220864446e-05,0.07450775064885098,0.08534588225777529,4.665562650479412,2.494998816648042
1.8056582250808453,5.063180143367624,0.036453197414412435,0.7951703158866603,0.0898658345754765,0.03598401796762529,0.021913561884710355,0.0902998001605361,0.08277507035800781,4.918416147860399,4.337719000816656
3.8191736756370744,4.882505908484085,0.022131613748892314,0.748211857607329,0.07392233205430332,0.04113648578704242,0.0039048132737770774,0.06698714203653022,0.3221324844319688,4.635318416451746,3.3790383906866417
4.416313192578628,1.930778334748176,0.022588022393059272,0.13980502862985664,0.061286495881644754,0.020137092965432576,0.004277385537174368,0.07572077721419032,0.17300147212575395,3.109875766395774,2.6808685037544873
3.5385652145441,1.8365652582819831,0.027439568536940136,0.10542747913737491,0.09437673220099146,0.019006473503964626,0.01865415668622307,0.06688273691895844,0.273877770801691,3.2715520143844783,4.605529426906629
2.959430446527177,4.691173203081624,0.03362657701763109,0.6334051270612729,0.09752371947375973,0.03945064236902081,0.02062675699293834,0.04896904792493886,0.3891678919581547,4.535238739021854,3.252725701911795
4.831687776566048,3.198874932175967,0.023422127491749583,0.10065767188191525,0.07202703061932478,0.04148617301767017,0.00469533689810218,0.026381916907563262,0.2433696933211958,2.884237860125383,3.7390378992812123
4.3470542782996136,2.221510856431887,0.03634609000904434,0.13784280656204545,0.04645660341528141,0.03864444738145377,0.008385982914395502,0.0780521683172462,0.4122401638890459,2.445671095412848,4.227515534907214
4.253033622964386,1.8852800203622158,0.019227661571831214,0.12035177136209287,0.05738691558874866,0.04831296422885075,0.019891716306549012,0.09447572488497993,0.3743458643279074,2.4826717102928786,3.417477806349971
2.7205371669884917,2.8986331826300242,0.021921255029848513,0.12343758685149966,0.08535435158240601,0.04378403012420898,0.018126646399482825,0.036305872441932875,0.09757438362327658,4.860335512342084,3.8224066492199475
2.189795670639255,1.808606945440361,0.011877008063441325,0.15209727763503622,0.06862782032751902,0.02984071171826757,0.0030577831261901283,0.06132503564347931,0.15861970824178195,3.033382822073232,4.783813945275565
4.5599038964954275,3.1646289681435977,0.03928011820212234,0.1496222544201348,0.028369629154549145,0.01722143800306894,0.007974579735251616,0.03036744213544573,0.3436415756489085,3.5934550190803325,2.8625566072005273
2.0759397856891333,2.096432460327631,0.020756054893302133,0.15876309843888498,0.0855657777922166,0.023389247897671186,0.00033422474456043316,0.06834545812746758,0.14607138530704517,4.607089383731648,3.6486381336545484
2.6547565519609013,5.162718183509329,0.02671087274171423,0.7518410047658435,0.08580272037734278,0.04580734888973331,0.012750053015094916,0.02793935033334388,0.14206646702870998,3.8563137378200927,3.257489937107844
3.3784851624225762,2.5995829120473015,0.010735884624128778,0.14335675901004113,0.07330541303574542,0.019749614571345258,0.01406285105605994,0.06930277988144506,0.15099128457395433,2.998152457061645,4.815491974522256
4.460243415965896,4.7978598359260705,0.02112261345783005,0.6386375408646744,0.08182762056747012,0.034508855355751406,0.011139826538569014,0.025292292291844706,0.23436041832607113,4.967496631703226,3.7445098114334443
2.974559720754332,4.97568881141598,0.03645427471874892,0.7041665672379034,0.07102018817002305,0.04506505177173839,0.015423316727797984,0.02986099439194887,0.35796864629335734,4.536556816195502,2.8101921956141407
3.9793138121995977,5.088316613853132,0.03773067180641796,0.799081880723182,0.05590883914141752,0.029954591390467883,0.007338895920294153,0.0638331765353381,0.30975631295600625,4.179524167652951,4.746173690239127
3.6566132363831465,2.548373112772057,0.013766254603161136,0.11506002986514291,0.02364587841937018,0.03894267652986083,0.009744512402582343,0.09732183310528938,0.33306209066021525,4.0605484251373865,3.3809463629734786
3.371256547914405,4.74312779997145,0.03984292253889109,0.6207567130156084,0.08356300252367554,0.04486067072037731,0.0017423637170577789,0.08252339693870261,0.3519023219730763,3.783641317346042,4.878595230056856
4.614718655437584,3.3575357118081417,0.022236100563004225,0.13103753061694948,0.08851303905594433,0.029199471226883968,0.01743797772548691,0.04930459466442959,0.17709119176355692,3.5330898719105037,3.1818913755706397
4.300478865374004,3.2912738177235434,0.025062518232754155,0.11877548979763466,0.020039201650887677,0.046759718547571105,0.015537353723607001,0.04002557264485508,0.3239314558293793,2.0355783863395356,2.2960772181363645
3.5388516609051592,3.2306603381682093,0.02718435695638524,0.1265995571470432,0.044283061618238834,0.032662668360185575,0.002384349581179529,0.02858991297122787,0.35114707882379553,2.0392046265509567,3.4728690752967433
2.501409050556707,4.815583590153321,0.019424308825236776,0.7882765525041979,0.037588342716786745,0.03637676040642358,0.024218687825839025,0.0759071461378488,0.29686354253829345,3.6128558379467584,3.961062587819987
3.0823450229385756,2.1989656162665074,0.02013068741882576,0.10032094261158932,0.07636503933910643,0.02400775289215491,0.009881890270831452,0.07197928144262192,0.14557334746636574,4.394583349842399,4.042723830154374
3.0958865832250453,3.46322539622395,0.024114798047072922,0.16489043982848575,0.0914723509594117,0.018628661441388025,0.024021571229641752,0.0666272235758256,0.285251145149258,3.259761893775543,2.9008323705322825
3.4723920425836035,2.4585451033953807,0.03949902417320423,0.15074733336189977,0.08101379571147407,0.019497059774642365,0.0059329476635115366,0.09111254415226139,0.1182888029581311,4.573085147701123,2.1754847622577698
3.7408916390454547,1.9059536699515027,0.0289015904944048,0.12073154117198778,0.09663243235239807,0.01934078417130937,0.018899150119596385,0.07388817695949229,0.2973187030603795,4.251543921383984,4.701985442272149
4.443285309897781,2.7906203886091427,0.03215092764311246,0.12495886338087808,0.0611134801451072,0.028832168207895623,0.008390562895619699,0.08068235941561083,0.41280311365183303,2.3423531735817926,4.577236137415547
2.7555341201644614,2.686079039891073,0.033515382369357354,0.10933707267143955,0.025595699441231388,0.017886655666944716,0.004440857325285728,0.0877982482997686,0.1765100335069446,4.95855013292535,2.51229598288654
4.3887631806668095,5.080085251254349,0.03567088115535022,0.7877786079328801,0.04344777735668853,0.029646735118542194,0.001442390608480164,0.06871666636818663,0.19412594938765576,4.246926736017175,4.2510216112299615
2.6211018334025553,2.956562644018984,0.0347379628076776,0.10865118912345095,0.04204171517602878,0.027215769507145555,0.0027283243563381108,0.04991500302400689,0.2603210072018889,2.8614374201056645,3.0361034530318234
2.031995632686863,5.013098338780035,0.012480537755357846,0.7444424169943162,0.09198296380676552,0.022694628931208344,0.002328780290727358,0.06523252417117051,0.18812228309203233,4.06174720533617,2.2541885488248643
1.8644139274736056,3.0532219033265573,0.029297629227309364,0.11811100387930162,0.0778257712608482,0.03848746611311041,0.021902157909617387,0.0773168621400579,0.14890769106971286,2.421999436304498,4.482896784494983
4.570055921704368,2.978257206982864,0.0224455709569577,0.1482822271146389,0.05266089528141302,0.02049734377486667,0.021293585210118857,0.07961280481815236,0.19658154842227393,4.138514706927358,4.689145836837783
2.714252758177994,4.895683800624833,0.014560652434006905,0.7828099793141393,0.051309324362932285,0.04393278003321695,0.0003434844219200766,0.04201118122893155,0.39692456481076993,3.4021738147164116,2.730069177527582
3.86635580559898,4.826761483333725,0.033213048901921255,0.7100536013094496,0.06365102120910918,0.027426457269603938,0.01068368220672564,0.04640295678750539,0.24504864536391058,3.883789557570721,3.5254713598117946
4.294099680148957,2.4471373855770038,0.027464134995368025,0.13880097496015648,0.08264988076417448,0.024189198058560492,0.01605156887387774,0.05606380182985628,0.05631668827988212,4.696171224909458,4.438893901285643
3.5710134402377065,2.103186611957961,0.014288487336476743,0.1422846350126801,0.02175681386857245,0.021307797365000117,0.007430108465230275,0.08799353803508031,0.15451554074882473,4.8573901271673074,3.8847644933605725
3.237065844330523,1.8112992201013323,0.026516931557342117,0.143510364922746,0.045073902011135245,0.04762198803025856,0.016135762531206924,0.0719855970339098,0.17088732163508558,2.843250285312464,2.094035865726307
2.9729423870749043,4.855351622663315,0.016470844366152763,0.649958094230734,0.0690007131719728,0.024516688110101104,0.0067349724133161926,0.057695630628307217,0.26548852642681886,3.7696807626902813,4.362802379823435
4.838831557241444,4.713740230632303,0.03830355773393159,0.7226820046058086,0.03596487425876273,0.025538199104286587,0.0020984374924396484,0.04358972662030202,0.31920889207500547,4.9887129686091995,2.292002473134726
3.8044173151156686,2.6931518621967534,0.012884693255037294,0.148479734500714,0.07950818384516178,0.04336914168317048,0.003046205464162245,0.036873069578321,0.4432979644756699,4.6747567520419695,4.799138005769211
5.0412615435665495,3.163291457455202,0.014552355622881596,0.1273880574196466,0.05049539343679366,0.02457327094540737,0.021599161019410812,0.0683301494417827,0.40941223906175267,4.390205976603244,4.738526630416624
5.152607333437546,3.1947991759746044,0.03846763951223237,0.1597477987553952,0.07138618367628581,0.023637036244194613,0.0201784257377087,0.09333191000063204,0.26393316143492535,3.468845682423197,3.9084023318975945
4.338824656637866,4.764357666187575,0.02625721754098507,0.748408159496758,0.07649120433404352,0.02732824385199375,0.005434026923127022,0.05684556072192963,0.4004005122393764,4.979170735607294,2.7303557480627054
2.2282122415158065,2.950487602404016,0.028144034400035267,0.10400230271427863,0.046964837921535565,0.03881360944726253,0.009091499497747348,0.042801637025243325,0.1366928863650741,4.134115475240421,4.7244193305002185
3.690048272687484,5.18885605777163,0.02944388309629055,0.7420535069347797,0.08317874900574405,0.03483169005945644,0.019014074939372468,0.05148952140358009,0.18077382740932119,4.439357755773857,3.271992820243801
3.0695678643185587,2.3297587204650556,0.01996706478887329,0.13055320504128792,0.07992632490497274,0.031142877562128954,0.00643912458052153,0.0751336042331974,0.22865920971649278,2.4143048005837486,3.5889857523205997
3.303463925310065,4.947364914070635,0.01392355703225604,0.5846217700325369,0.02805244899906601,0.02517753578980176,0.011524734209097186,0.03046997631949124,0.34498936395941737,4.0140800656339275,2.3934733799159327
2.83360721845226,4.67905288961899,0.0334425060145193,0.7627245140190138,0.02259862572426342,0.02476691090192281,0.024911044615407323,0.054545495108114454,0.2674456030303127,3.8142245338217204,3.480916470623748
5.170310023226902,2.010636243264436,0.026849841458161598,0.13860367292288983,0.08583934741356179,0.043258818732352544,0.009102961377592996,0.040749789617781265,0.20539246569149378,4.698471376500564,2.633760131014314
4.023681733745477,2.388637764765951,0.036240828074428535,0.14718308458846724,0.07509019062120006,0.03514839331109097,0.002487591250509519,0.050664965793493624,0.21105355434439815,4.131842080240077,2.3471720093856376
3.2787828440108324,4.881875208138331,0.03318489300716149,0.7443639940546635,0.0462086648255618,0.02656029892010943,0.01587513105066167,0.09836027327598554,0.06261695976463705,4.897959158394203,4.27218524080192
2.4359515754573953,5.104268778548955,0.024665958591108247,0.725716195998612,0.04334838750669592,0.04335720067356341,0.006211358691107033,0.08971704881001463,0.052002126109826484,4.771606792426376,3.2112391573684707
4.691761032719485,2.242196642750537,0.022345520736994123,0.12240198647817764,0.06856460560855913,0.04212937493536119,0.01806274096284673,0.09307672157861505,0.37986103640689584,4.369501053327763,3.856028615194227
1.9001999886380827,5.055337148886034,0.01777689756770919,0.756877077976844,0.053387739186107785,0.025493186151340885,0.010782014965535564,0.02684705868833067,0.07533692648114035,4.44531859473889,4.991050419467783
3.721563403405151,3.27456338272216,0.03631397866563556,0.11523094994962652,0.043798637482460684,0.048525480412352065,0.016377377130526734,0.06287209534184995,0.1022183245934909,4.4447415628156675,3.8259575102593324
5.124479393230717,5.079564675467534,0.02418162803123707,0.5743159579867493,0.08856966319882724,0.021187328808841686,0.012813581605823278,0.053096738747775124,0.11004044090189796,3.5694109493657087,4.7516787011357895
4.305187584555346,2.0738353930221245,0.028743312909915518,0.11449810414500267,0.09354199062192099,0.017736794079553864,0.018900965400711178,0.028190594378276996,0.35562337765280194,3.428787039418368,3.533225406535764
1.8376366334386494,4.8503718030376195,0.037595073337605686,0.62537833265605,0.06840123028330453,0.04909717568148084,0.014150170556066571,0.057764864065807095,0.18244437345691583,4.481080065601454,2.715108678369038
4.404238225672446,4.676507722925266,0.01595205815252208,0.7907765673049238,0.09640750352703319,0.03738330210145124,0.006557019291016317,0.0944623854435824,0.3644838368503338,3.5187280317768934,2.345273801466276
2.845937012577031,4.736322487182154,0.027515980900272886,0.6171677220344591,0.05151289154470079,0.02751274798772889,0.0007944360936121301,0.05071063858463652,0.2692642800455482,4.333084386918708,4.052279378089006
2.4199518133620974,2.84564604044911,0.0252207230908678,0.16301576918268468,0.06945972669178095,0.02514196685341962,0.020332026233222496,0.045148814806932475,0.44621297376523783,2.2226440136673986,4.294346147185086
4.340212843091743,2.616574041028649,0.01978349651987054,0.1601190727543,0.07519118365210922,0.04355228277493156,0.020289231327200292,0.03264612647496226,0.13131881696172215,2.5780488042920284,4.039226366233173
3.5290960289222757,4.936378279444406,0.028091101112384234,0.599545134166802,0.07386834235145145,0.02824213033659827,0.007378123803400284,0.03095712196765739,0.2290301163641511,4.230670957348618,3.8790973277311123
1.893052522878151,3.2439325163696355,0.016686770600404313,0.10560705178146552,0.024008254980155005,0.02173917793160806,0.0244303582918454,0.07950195137033753,0.3832523795713761,3.1293598271330434,3.046751736519676
2.2317468866502383,4.986496754149996,0.012861004823043769,0.7481726554830059,0.09444167226634417,0.04651189291533672,0.009125599502616826,0.039520889505063286,0.212631731238488,4.715736020842547,2.0611477436074934
4.252340094177006,3.115271710274115,0.011087938502822628,0.1135200731492495,0.08334073563971196,0.03491367109457284,0.013073962340293583,0.03456192766289856,0.07778233282739457,4.254425035955161,3.393524928450889
2.1495993601463694,3.0991332680732935,0.02458429394572404,0.11194924084461556,0.04404335397228891,0.03812191394522249,0.014351201999494169,0.026616146514898683,0.3955725931781674,3.7557134817296673,3.081161695187885
3.4039780696535376,2.6303866142358836,0.03859487983329031,0.16227613220876846,0.0299560961812001,0.020741025504581793,0.02394059584959783,0.07821434582737166,0.4001449140306714,4.181059186162831,2.5650818531453363
4.758295979035393,4.709279290585516,0.02050941739603234,0.683761235358181,0.0578290258273879,0.018778044252533023,0.023730265717070386,0.06941147507556025,0.2760313500845355,4.3482460456134575,3.6366155544515038
4.859048383039197,1.9536743067665772,0.016569675508734248,0.15033769745764497,0.04095049297207874,0.04996038861999712,0.023045321758433532,0.040233144155689786,0.19578269445347612,2.866758524659198,2.3783239255504314
3.8573399481516892,5.071271932684667,0.03306536898728993,0.6543238698608438,0.06667059713121666,0.038665113099572476,0.0007053898330591384,0.07618221733455807,0.3082186418713554,3.4768784580871888,4.653010931188019
3.996814925514852,3.2186327656637026,0.018990656646596975,0.10757726717038586,0.05847268109504397,0.026265746037000985,0.01405904260481483,0.0975772353328179,0.09717896822454508,2.9895683789091114,3.926783928397298
4.098509502348028,1.8666704960719231,0.02549104590332576,0.14118857230165388,0.07777352138766362,0.037435014374801706,0.023064232690595706,0.09238933767959365,0.17630088208711658,2.380265348559665,2.2489531454260683
2.5289256997530494,5.168342039474481,0.02427225015222421,0.5869607879322064,0.05757001232159442,0.023268223827926014,0.01781501134983125,0.08390013372098526,0.12250016064028377,4.318515848315475,3.460148203295768
2.39392397875144,2.8577576668114015,0.03540321197060887,0.13379249568755588,0.05286866891850753,0.01595463752857635,0.004148247506627279,0.09478427472353951,0.3065265521572696,2.9591680466745123,3.2032140110379603
2.4302727273812104,3.0139380174715407,0.011729351123488005,0.11528555797099961,0.024232906554551823,0.031877976331658585,0.012550261244559416,0.06283430646436675,0.10840373218370755,2.7327104660216133,2.525422193697742
2.604192168517913,2.6856143196194475,0.013451470851737072,0.10349743306103919,0.0749828813319233,0.03719185613646199,0.009064508655033868,0.08957914039507309,0.36901648699820144,4.0867943396770166,3.346234303562216
1.9213704204693123,3.2131001264172783,0.015380557814822986,0.11368821151114936,0.029669032105506254,0.03202925891798198,0.02413308062452517,0.09994515732093912,0.1291202405885365,2.02338009742074,3.648869394209215
4.3371086978618365,2.0831640303961674,0.031898207626480025,0.12957654158231505,0.09339137242735841,0.048263713549219565,0.01651992876414748,0.08458075341277085,0.13735134269611585,4.987516685162073,3.0243877280326856
4.971728425675169,4.675372885115627,0.02987321029989176,0.7761086361909973,0.0647493217544845,0.039912533675229095,0.008277054868863333,0.06278673016858996,0.12104352799833601,4.045416478686334,2.9145255593259742
5.165359058256173,4.9051225768554465,0.022956515305277626,0.707099878692887,0.08622001139162434,0.03248810335829412,0.005593248471089447,0.04305848887144896,0.26753888374076973,3.427237085397451,3.383148272107049
4.577256568392318,4.997756652321255,0.032728633879798255,0.6560744321768491,0.07844983886952536,0.03208977820904339,0.017864452192396664,0.09921183975371178,0.1969273559955021,4.004906714054711,3.310667955374555
3.6776091847094947,4.819508763002963,0.029695668244145906,0.753659587822862,0.023143213992551887,0.03420932869635867,0.017528242244669978,0.08115368996669138,0.4111993028854954,4.650567962397881,3.6455161802381046
3.1646366995353343,2.7481411838987437,0.026249837177367737,0.14376308140408012,0.02856320769274261,0.03182825430168427,0.010379833773949484,0.03211570967633129,0.33886133269595403,4.72320324854862,3.117913649828976
2.840099608576855,2.9520451755560866,0.030975797085674772,0.11040607827858279,0.09794335808488404,0.026114744152912258,0.022385175278537024,0.036862037658221956,0.16370788724041374,3.3170501671674173,3.3497191573916467
4.044137345772883,4.81769636487298,0.012228789384475653,0.7350641318048882,0.09528841790383592,0.037241769565188806,0.008069304746760793,0.0670839684645262,0.09431233105322658,3.5128575824377544,2.026977165863687
3.865634332616815,4.754263710333203,0.021837244902322618,0.738187333876188,0.026232244469310967,0.015433420889683263,0.012845599941207911,0.0390568398375378,0.18184855323896043,3.65159072661631,2.073000234936398
4.298370339587013,2.1001212947097434,0.021649592025797602,0.10158849512156085,0.03587261473571335,0.023058438711029444,0.019411654961588972,0.029333387655207502,0.1782041343404171,4.363311890268291,4.869763530362986
3.6055326462123833,4.719403171908696,0.015423253785219884,0.6027858216716103,0.05267635642010007,0.024844429206796637,0.022239764693705907,0.08442940658551068,0.3450576007541145,4.171911874332173,4.241373217480567
4.0712104640598215,1.9679463826109076,0.010765966058756916,0.14921470407363996,0.03312416667366637,0.040001703114123044,0.019524601439551117,0.04610699977252325,0.2564448684575335,4.912769368988803,2.484037879407128
2.8373872810067398,4.78752386245454,0.030317705850861493,0.5773634794311571,0.03591720787229944,0.02811190071546326,0.013264025488542948,0.040892775207107004,0.2802559208525977,4.327331751864623,4.954867370072085
4.49908642305884,3.5186105783022246,0.01919665578286106,0.12765513182499838,0.022546667414439482,0.04018447315068851,0.019960101610319247,0.09356418508864547,0.3015933924684826,2.497673361098952,4.4676381216887115
5.159046672167729,5.040719532110533,0.014708622568814769,0.5680481005130461,0.09468705535811166,0.04990955428446078,0.004266020663332467,0.04737805721610171,0.40707767452348625,3.8848182856886395,2.813377789887629
4.581730451937459,1.8629844119197556,0.023766228070285736,0.11094361366826003,0.051060128201890945,0.0463886578477041,0.004238267729921668,0.03738495698280619,0.11663134308584781,2.519012788279747,3.7988570875488707
3.8998597119379026,1.9327848828452678,0.029587149129596653,0.1047332543782594,0.068964645273097,0.030981694229692998,0.018869460188618625,0.06942207196227727,0.30432990650997144,2.3989822933482388,3.751932888989756
2.407483805484386,2.738687163528637,0.02881944121382877,0.1543091427295583,0.02667813670891064,0.049618800381368164,0.010402496936725363,0.054708088721537526,0.221726556984979,2.072721503792246,2.7752369071525775
3.532923213729397,3.2690420080079194,0.03253028138562598,0.1487211544472857,0.08940945573439403,0.015400989989720632,0.02426527038278889,0.09396311646619765,0.1816606990062108,3.5753436620911128,4.971460362917268
2.6637068311574286,4.830970098019631,0.01700292438677287,0.5670270393599975,0.08722216974862043,0.015459282224861176,0.010128760774821421,0.0392905271203357,0.3496261659846911,3.8277483214988717,3.125169833072629
4.2645383965666,4.952844451027188,0.025151791689855783,0.6430961604300443,0.06208937851906185,0.03215346068922415,0.0086106461860906,0.04297998980107599,0.36647015548420925,4.090851524649569,3.456211726071011
2.1981801838724175,4.965703004223163,0.024197712788333707,0.7762038977810863,0.07663288132351732,0.041421227682194084,0.011877243874192391,0.0730383012300134,0.28900100976004434,3.3830014773427672,4.583253619824157
4.189266650328703,5.1670477854919525,0.01792421200727911,0.6493238151409136,0.03155283854421314,0.029643673468922226,0.02495270667426286,0.0937474972208372,0.05279882829443596,3.525353389090599,3.2904335771154174
3.4001375125283886,2.3211933697608473,0.023289073167963588,0.10087266503628624,0.08821245360095532,0.04288007546180364,0.011279248463277235,0.05405661668040772,0.22575057358658324,3.490673194239692,2.187672292292134
3.071613234883835,4.744319143194894,0.035301194553873635,0.647624549002166,0.09545931566992281,0.045985305691680856,0.0021132915312519983,0.06488360972576798,0.4337392871620197,3.5003494169165132,2.8144363737232547
4.850715202563091,2.9893022533067826,0.01601992036524936,0.10692504137109199,0.022684340875842056,0.049076062685219836,3.1431043994498893e-06,0.09520916106984631,0.25419597770435765,2.199421389575873,4.409286415527185
2.894405469236527,4.802315563539663,0.035941247892874305,0.6057721439901814,0.031945548491297056,0.042137049110196556,0.01885334109090637,0.07646909155763322,0.3555085031798675,3.767744584154424,3.944619088673868
3.2930673737398335,2.1225421366961243,0.01070952395094612,0.15895461255692117,0.06058192795167018,0.04767927162070574,0.011711206005093887,0.061094050292640444,0.4482581700166623,4.024299379779082,3.8193151830886913
2.5856951181187933,3.385652781002494,0.010125909885236997,0.10909355660747427,0.04305252513524191,0.04094626588623326,0.007842965969622334,0.03416881869435502,0.4167364355634625,4.327984821207473,3.261030277703055
2.8852735180477342,5.0043227636637395,0.022597740099562315,0.5970949934809527,0.04727022931866069,0.03517259574564833,0.010038686268408792,0.08541086650202037,0.29057101677077707,4.684591765236762,3.3020452679377406
4.058871543136675,5.181728126446207,0.014047484559529429,0.606077725076401,0.0731429313926106,0.03974405244256182,0.019257817148770683,0.033538908067639636,0.18605017240787503,4.157002847458581,2.241187122097121
4.295760108906942,2.7091304020312323,0.02141878957708644,0.14680226390381795,0.0748140332809807,0.038870773139515494,0.008937614988888181,0.04060339452328955,0.4391464883820552,2.350010364250047,4.863857743217353
4.3609524517240645,3.330406272844659,0.01917019572762595,0.10282800624897173,0.08215587014025594,0.02065046917883412,0.015569573069336918,0.04191309716014244,0.3932588563699167,3.8920938593515855,3.1701875978567955
2.7074652752456805,4.712703810459288,0.026486937568216087,0.6332113789196738,0.09942176360368012,0.022438862452853883,0.0016885504818466039,0.08177187709148037,0.07085225438202,3.7486026224163496,3.1900733498873386
2.2439101194242945,3.353648450598946,0.026473018000929924,0.1632284773819479,0.02108764646281719,0.021279981349022616,0.010543131850073986,0.08026825122248155,0.06377421568763111,3.183565779255499,3.275439409022541
4.2132960238534745,4.830682816379066,0.017260616104656363,0.7887435190770878,0.035067472128134325,0.03029954348952158,0.02069202721600614,0.026803436535061072,0.377774790741691,4.649050566321176,2.1078512580439734
4.156872466374903,4.985648672211593,0.014969096956180337,0.7302229328285156,0.04369997521357839,0.04252506717374382,0.023245700460139667,0.06990265712725431,0.05299107560260208,4.554803488438019,3.6949654426908864
3.427526480242264,4.804859058852876,0.027883281489225996,0.6240571550227659,0.05895429754407924,0.02156881045572913,0.0079425584835273,0.08667108058479311,0.39902949116077907,4.892181785201093,4.484998897521759
3.67892338625407,3.2496528159438647,0.02426513717237884,0.1216936733133304,0.08023051882642357,0.03379057899219828,0.023950569932418158,0.07484944919099293,0.1560313508051373,2.9863245055472136,4.784324678792119
4.515707143723088,2.5981344459572666,0.033944975380029704,0.15194292387985658,0.038112531249429905,0.02337293012210313,0.01980070285476661,0.09919901893688787,0.07795631975766634,2.403430826327808,2.2305205350779707
2.8152746228078755,2.133216946297699,0.039792661518611,0.16449915047603741,0.0648594731078987,0.023491138092352273,0.0020793246996329297,0.07909929978390476,0.14412377185090586,2.219444952524949,4.526032664600645
5.056845650585974,2.9276728010376982,0.012489151398703047,0.16074701699110855,0.038689438974433,0.01728980252235211,0.0075540778133771115,0.06752863323903342,0.24597372701590037,2.909396967995219,3.253099025281344
2.524152130257628,2.1038962336153713,0.032858091893565276,0.13821596801032837,0.03389227964323613,0.029335992304955365,0.020736593509502365,0.09768104277314907,0.277534459876848,2.1225737246765006,2.468595190097778
3.212772007515494,3.2020456700631104,0.014634318273476433,0.11111278752817974,0.024044758387648336,0.028245014143654462,0.020438876666000305,0.05648235599994314,0.3732309674670257,2.326163162706284,3.3473692227513094
3.056778301218362,2.8171131949146075,0.029419704371221433,0.1642548572487838,0.0964745478444593,0.047875494015641194,0.004143232747205703,0.058658323735637875,0.28965715834725103,4.701836082693278,4.505221442787685
3.8608530190439767,2.588671757043879,0.0179533716767264,0.1450150878494511,0.08315968667788282,0.041975824945780546,0.004097613808330147,0.08905604832406597,0.23049565811525002,2.8573123211055598,3.4096963022667026
5.02667992608123,4.9354199431023575,0.029429570740651577,0.7957290109683064,0.08373560742598513,0.016787716928500916,0.021211935231914038,0.028779737966995754,0.3123160847769154,4.175010930085465,3.2916134133514534
3.790737347649607,2.445596912156949,0.01000786055263901,0.10753536725065257,0.04065056421869748,0.04917971067992726,0.018117312119216463,0.06773453779735393,0.33119216183162253,3.3053668368226576,4.797666894307106
4.796234725917471,4.71388013345763,0.02885244255461973,0.730080360736913,0.06428183701046553,0.049341321766531616,0.01194741812582311,0.04944083126549166,0.2979960505832675,4.476441935161217,4.670597207594585
4.500078874751292,5.194534431370517,0.02895294334217613,0.7131517432169437,0.07671525564763193,0.01563928330013645,0.022436462711211327,0.08146095344008569,0.24586860958933004,4.247789566762352,4.569406141590283
4.466641370621972,2.483211954193186,0.021333071576973558,0.160259247938876,0.027465973493819365,0.019841952580620336,0.018716154484102018,0.04227378301556959,0.3652807478541542,2.831200282422593,2.077809877084073
3.9138583558370756,2.9672451704664935,0.018395436457544163,0.11436565805990158,0.09282884101830012,0.048698519023565784,0.010055317104061177,0.09313082341852241,0.1432619837897363,4.97470430111108,4.752959360475668
1.9381649152816944,3.4251979637572347,0.029838683783409516,0.11469233300932238,0.0809447607775518,0.043708317337313396,0.019741016514732885,0.08814864906337172,0.37138012855314545,3.7937494018537485,3.4659749200297503
2.7330268530190924,5.185056709980348,0.025157748113497008,0.6125451023606329,0.05969657172140119,0.030474432788111017,0.004763230810275215,0.033478007776914884,0.10723385547198182,4.334563367584909,3.0461905923437644
3.260690039395369,4.744832877179513,0.026895793999471583,0.7407209510836275,0.07253723603471893,0.03631796783692523,0.01961502274686814,0.04149337718265326,0.4257685569392437,4.706326461944255,3.397240740456241
4.472440307303508,2.0631436658128868,0.015963195797866314,0.10419626188299466,0.0551028550039543,0.04350506614031947,0.013705526268383542,0.08568606682837994,0.3972739518404061,3.4991596493427393,4.912509908519054
3.9422832493261613,1.8806031143659132,0.030419974388982196,0.10958737823009361,0.02009441539458115,0.03139436046415135,0.021633898280888207,0.06259934381933764,0.19719856267259,3.3757139554418427,2.262618565983381
4.5524390630053455,4.813174234350892,0.012783213926689562,0.7274468665362556,0.024881306529702416,0.020547557208243902,0.022140143804851607,0.04965136653714701,0.29673850166277654,3.7403889992982577,4.104887508506078
5.055072563974692,2.1877798599092833,0.01607961212567292,0.13848293385944102,0.0676034724134126,0.016338270021314525,0.01626965628093345,0.07643058691333948,0.2513903419028509,2.9463870185312464,3.968658825361428
2.907319421723133,2.994265231481436,0.03785037268645584,0.10641505174225105,0.053628978551481646,0.024898462395440316,0.011001917400157202,0.0775520974114832,0.11934622595983188,3.076286039368327,2.4264085408139353
2.7279179971836687,5.151618767221953,0.029474028951307636,0.6193193031248428,0.06470898524015432,0.04521384950762284,0.005340874443690757,0.04206276481092236,0.41913737178674604,3.7674584694201947,3.0511736159312424
2.3366305919222197,3.48387822087561,0.030247719328963828,0.15617788119619203,0.023071098929820573,0.047385097718580044,0.007859254447489975,0.09389317814186801,0.06208189776728276,2.393444701628571,2.33584114715859
2.116862905619384,4.9279343829190365,0.03265310336332451,0.7189382446286658,0.09032275077980079,0.02459856055228502,0.022339065472906032,0.08793762160588778,0.25988118736914995,4.538679998244858,4.729085978453418
4.261883193034848,2.2535956438265803,0.03556051281634704,0.11861505522091842,0.09024893874277744,0.02467210623968196,0.014715907409484525,0.026414923596067244,0.24011962579457952,4.4652961439185725,2.292417997033671
2.564276410579503,2.6130887766886746,0.012572795993732329,0.12807143336802024,0.024633504786390394,0.027769106048296674,0.0030865897636842537,0.09979161265188993,0.30836728264639096,3.9237506231503074,3.576609707630656
2.034728105426147,2.7854186594806043,0.01096909548366061,0.11903283964289602,0.027316906028637525,0.049843432432199374,0.023001172924907658,0.05025026620107824,0.18468861915454043,4.777074322352996,3.413623724992229
2.843748627053823,3.2552282352061592,0.02913369379643204,0.11160692953299331,0.07658862380929027,0.048432676505368935,0.009861921582021852,0.03308979004952,0.38111299007309135,2.194925934939006,4.162627633517897
3.6363459587023046,3.028721115334484,0.03229161331017076,0.10185306591274848,0.046422930295582386,0.049643434751052276,0.0006030377500203794,0.06524631444985704,0.06952891272775162,2.4567958827528047,4.5296179203176
4.747774590905762,5.1871078375257005,0.02916051823987116,0.6884157627831148,0.05729606671531563,0.04418963959987429,0.02382157554146694,0.07469591489012506,0.2711566913252587,3.7896672367425652,4.244915656858057
3.3737880761225405,3.1829415607387768,0.01624953680549259,0.12059554745856688,0.05881543108161191,0.016484243800424146,0.018729823997387467,0.040058422207490556,0.2389593797501372,2.6776695867811835,2.5744380987627435
3.3816349808059747,1.8709470426386037,0.03867537295980123,0.10357317253503882,0.0668977253749848,0.045321604548789855,0.004950615021500527,0.036638416091062435,0.29632006751264905,3.1754013679633406,2.6262637815299916
3.5085295922255586,2.0144854682140165,0.038446689919711056,0.12236204168657826,0.06997446425005942,0.041166886781460424,0.014025330086426011,0.040092160906552675,0.44880969430668566,2.400702817508548,4.44901122197912
1.8120137612148233,4.771530657215408,0.03491609615832636,0.6180334325249687,0.06414660175759111,0.04790959341316134,0.017347780786031265,0.0705284323445052,0.34298327876870993,4.5031692439445825,4.882244194447015
4.201974729170686,2.074155911819155,0.011961739778794415,0.13066698397019896,0.02121550540664334,0.048494280028979174,0.013954562731564125,0.0975488601731154,0.4443591972708842,2.829781722003045,4.776928087746521
5.09872462529923,3.0233074385402774,0.038882920261808125,0.11035786634478813,0.08409940568372762,0.020012833220765136,0.016353190964001504,0.09351785861865478,0.32130757744107064,4.356799110013654,3.7357353280927246
1.9850231851906535,2.13921567453146,0.03881135169566227,0.11985435003611997,0.023884603818065515,0.04624604481929978,0.017174108128551687,0.07873591184774528,0.08211777280105795,2.9014284169193365,4.886108245526504
3.794513358576454,4.895290299801211,0.010315323133445143,0.6875049409892169,0.05477977107930081,0.03264682119415814,0.012779350762425491,0.0704954796439154,0.2288827545985656,4.034681976086585,3.437217828549864
3.4007900393096104,4.782552007446253,0.010328678838619317,0.731801492214401,0.030997900509053232,0.016580320009410995,0.0008520755107775963,0.08716613886337157,0.3817567769428508,4.827828614058219,3.2345913500888113
2.6748042244702983,4.686232500699966,0.025396611290663697,0.7050294655225744,0.08414669668954333,0.030993937077209818,0.022557741286262048,0.05256947218865274,0.34886284930254496,4.7130434808076425,4.031428566949105
2.395191177032932,5.069787547207322,0.011109914301263936,0.7743110292179302,0.04603177528319062,0.041959720472129564,0.022146532041140345,0.07400976585558142,0.08565859583638508,4.655393837061222,2.476882505985797
5.125987232675722,4.883212125781892,0.022040452973103353,0.5738885707562668,0.032381485341074524,0.026174010182624115,0.014626222092334993,0.0852993122472257,0.24804784243039696,4.212001406010408,4.377495749167098
3.2271032488422176,2.2717588417846986,0.014981232876846075,0.12149381673729459,0.09228611168777404,0.02245898728528885,0.0038599485595967745,0.03528959820276448,0.3748950419356495,3.0125910399594646,3.9524603244303735
4.997993950235279,4.961816663282085,0.01764099100401613,0.6387828785440447,0.08473630625767062,0.030112197473267578,0.009436088772140782,0.03323890274616615,0.20680179212000155,4.241424289791235,4.685569877819653
3.0172682249640013,5.062247488269467,0.015806405554154624,0.6411888110980923,0.09786193442645666,0.03956471545691456,0.011918610878351315,0.09109008871534041,0.2995541409874454,4.797589351808895,4.796988443239972
4.775112816974813,4.8528966504706865,0.021506865127141506,0.5974789753802883,0.08965494088679558,0.044026329280230855,0.0022735586388806938,0.07017132546551536,0.18969806217031493,4.238520837332564,3.632226702874226
3.2919644341811694,2.2643847166559907,0.02716515181841004,0.15525398352957498,0.07828773828487132,0.02866384595436633,0.011455215948774154,0.07219475052908322,0.24279131659689773,3.94323604252115,3.5106934203888946
3.60224393394227,2.1261929553653545,0.017177143601068905,0.12572665632390534,0.03966324839116623,0.02248161896015967,0.022021023728308272,0.03733344990177238,0.28357310104388045,3.757143577868088,3.103960581802942
1.9302901135589696,4.829731411490068,0.0379810457261253,0.6298186731220962,0.027298895648516328,0.04342911749182434,0.011374877740323756,0.08747373602556965,0.13093093922644866,4.841121833250069,4.789874958074641
4.308784380927321,5.061819892461786,0.037937737697998145,0.7496943414116588,0.028267070049139673,0.04617913667395935,0.014705845359529205,0.048587097190256986,0.2781842613602909,3.5826988429704456,2.095911270669562
4.68155129176946,1.996765929672502,0.02742122100078568,0.14219651833426286,0.07947321394930928,0.017737195743784583,0.0047113715260952375,0.09793545741004195,0.3139003236862387,4.49722959707046,4.556006216061142
5.107390666442963,3.2153963463633772,0.018761704128000788,0.1497789173685175,0.026007143251022477,0.03742778812246538,0.02297374973127227,0.08581258439048418,0.09519615917160412,4.521055530109426,3.6070042943751126
1.9931444623030439,4.921902274048372,0.035483945287813665,0.5714573126875574,0.08676035315612864,0.023065792551417205,0.012173999870549566,0.038032311471666344,0.3602851502224317,4.475988287029996,3.657338978875259
4.511496898684594,2.689737800540578,0.019744289120859508,0.1591048593561854,0.036372193689367296,0.035774321986716054,0.02496857584541094,0.04040036314029444,0.13245058695555276,4.583883624618319,4.739680595446
3.3645630219631624,2.945108807643704,0.030883087344306233,0.15573030682518196,0.07795474525564129,0.016229164157286827,0.02450476017617067,0.06617495408516089,0.24165314369128227,2.1132898574432133,4.115310860502618
4.074069944847101,2.5836700688079817,0.0335847018245091,0.12690103055370158,0.08228418982727924,0.0236721889040653,0.009804951386504184,0.028659361274478115,0.3379193849156205,2.7368532355154587,2.4467901661979083
2.8182306134883093,5.0077505830338165,0.020090573849095315,0.5709684402847728,0.024922948752198797,0.026694077648794574,0.00045772812975957284,0.08111398884409059,0.281619934759842,4.820383320989606,2.7837097880531827
3.133984889480133,3.172933157170988,0.020499892190847333,0.16390444308538477,0.09123486942003635,0.016387992330346747,0.006686159608119243,0.041326721808407824,0.37431702763704094,2.0448660239462373,2.94778441265906
3.9210412196966464,4.84448958399745,0.033714855464325746,0.7624025650177703,0.03746447620796343,0.048823605474528436,0.01968834268946662,0.07094410595900472,0.24564998779969566,3.446824994431674,3.6871102949015064
5.004667883431465,2.1640650242926407,0.03966587537970952,0.13715808689357514,0.07543149020915561,0.01694048495449809,0.002349094889216155,0.03742164704179992,0.37164556040436963,2.3616162251803003,2.377617368374291
3.821585576810267,4.930347043746627,0.01280939000349764,0.6524589975504058,0.07196068152011734,0.03295607576535787,0.015223741747993813,0.04333870881610749,0.3340864033521688,4.7219303615599335,3.880812053753309
4.951694211962269,4.784341254130915,0.03516881413149549,0.6800443228811949,0.037740476633611034,0.0185328496979086,0.006878147441692208,0.09393979571493433,0.08423957844070384,3.6825761979721148,2.5839727556510335
4.797567672486832,3.0233263726553963,0.028807102480249404,0.12726926814764322,0.03747433156952634,0.03309306311966278,0.020529821941198068,0.04382166064960368,0.14498621575943885,2.3375412204991832,2.8764319950876054
2.6100764724379095,3.2426032028968406,0.01370044531843391,0.11943703209238785,0.028232486335212983,0.016496839626549152,0.018947818649867096,0.026066118922408704,0.41539116548701727,4.396161658126574,4.101110952271001
4.788699593789209,1.9389312634406155,0.01857378984271714,0.1594410431840957,0.07597651595798516,0.04324274270959343,0.012115017141706045,0.08417565212864236,0.23230041414712982,2.046393667982043,2.790680239473753
3.7116030153312063,4.781871093172164,0.038396949270924095,0.6604151718485654,0.06942133094742661,0.030852450092672113,0.023344155059967633,0.05441558645814803,0.3903894109649126,4.1732046291636244,3.8072999277784967
4.2871565118164865,1.8427535468664735,0.03760369009685309,0.1376498779227246,0.06892996230497565,0.020829024634330465,0.009979357649392187,0.08703807974356248,0.07887502466008721,2.676649578374739,2.7476891122025857
3.529915348096719,4.751880496996182,0.014335812626416037,0.644550976653513,0.05479728646074601,0.017284311787921662,0.011184248969906429,0.07851577982638958,0.44760363584962004,4.862398656475856,3.736082148961689
3.6872340088145386,1.8472028534006641,0.02375141990465139,0.14274364071836837,0.08269217760696881,0.027671064075457733,0.02146143970574879,0.02990484924457667,0.36610392933756025,3.6124319675361156,2.0148850909099303
2.87591681678761,3.036069658138168,0.037031418515996915,0.14802304922665893,0.0404507600826332,0.04284430635201182,0.024629174807923263,0.05917733225285691,0.2737105483478782,3.4981536440653596,4.766316955817664
3.2737462211776265,5.11362144522699,0.031481169236416674,0.7004870887451112,0.03877721682111617,0.015255983234746326,0.005180785629690826,0.026566468264964838,0.2106121677049096,4.795254635984162,4.314467682979222
3.8531737417202265,4.769030359801908,0.027345198477500693,0.6485195436004234,0.03185345202975871,0.025406851922927066,0.010389710599231727,0.09240581358328992,0.3553356422209585,4.767376021894393,2.5618541779959028
5.199918674387732,4.714958687952176,0.014413903012308726,0.7130561446306097,0.06944129843040989,0.026908142352982542,0.010582100511635828,0.04868004931571585,0.3393559835405639,4.509105700617004,4.810006297256794
4.32105446403612,3.4871032013921774,0.03083323690562368,0.10429631265592605,0.09004954347755473,0.046852984301964266,0.0033333539509615867,0.057091835147707416,0.3894025659369627,3.250862555371093,3.948057880879133
2.4041129771616894,3.0176953448064783,0.03141201450485641,0.15931236607766763,0.02279411676316914,0.04345883440575818,0.014149327586538819,0.030797856640146424,0.10167350272590767,3.1112101745927694,3.1315353654853446
4.398228910526146,2.307479257820013,0.017723789239416195,0.12939146011065109,0.053207653751454684,0.02447108173387041,0.009987021651160525,0.06983367440698729,0.2557879866056359,3.952705971718504,2.211296681345808
1.8665362713909404,3.3719840282958815,0.01460085254130065,0.11486938147319796,0.0681339391164711,0.016949139196593088,0.022514824016380882,0.05550510315118093,0.27626414385297304,4.711270363915027,2.3619465036147558
3.828774983399785,3.0332454271568077,0.02820461555418114,0.1431968826651186,0.06833292402708825,0.03814611590386193,0.022745612631410127,0.059738830707917634,0.14061644692396874,3.5268522673317504,3.8356914313779553
3.739034272684905,2.7458503944110553,0.021188677841460724,0.1345195780572377,0.09194898320433223,0.03528958249574893,0.011330987963467862,0.05460134200769497,0.42038977243982617,3.1081711918563855,4.605872366437696
4.302277789448433,4.962331809325501,0.03603777213588418,0.6672468787943638,0.039910891316431135,0.016693475092644832,0.004961096377734748,0.04004144533806857,0.30459473713786306,3.56275246608553,4.617527172246423
4.972923053740296,2.0632258640910814,0.027902084320279776,0.153788932516524,0.05929306309304397,0.026157193842106567,0.02216843164686202,0.07913990574471216,0.18901778466251146,2.1639452240507655,4.356739076968495
2.4354229466562236,2.916097889878525,0.028923362309421864,0.11868299089309325,0.039240527725857434,0.019928488218400972,0.012823576504801391,0.048646724073061864,0.16312309670929637,3.083986937329568,4.43046478498511
4.437664384094818,4.791923946210078,0.03327143197012331,0.6750780071964341,0.042886096406438326,0.029961391702448978,0.01794079945762207,0.09495047269651127,0.25553895548084904,3.7215213404471794,3.8799921590639403
2.497840903355648,5.047050186895401,0.03425049441912768,0.6918513982493353,0.029888047113187453,0.031153940660146914,0.02344623923431767,0.08227664024722793,0.4340333139981137,3.7547014910606595,2.049647301481904
3.455803358535623,3.107820718974062,0.03415137836959942,0.14079596797305702,0.0673512723310287,0.04914410968889401,0.009686015540047303,0.070975405694167,0.2676710768258293,3.8746044062354854,2.775136890210516
3.242862069256483,4.678016890493392,0.01081802636971967,0.6076293225219201,0.0985659460066412,0.04371516960965881,0.021455837885011098,0.07822722897580384,0.4361415468009226,3.89742775565406,4.4516842681115385
3.4117456732175997,5.124562409413566,0.026115337070147522,0.6121432187070461,0.06076365399543557,0.038672164272590986,0.01245401093646992,0.04887806279070411,0.12550360382761994,4.206307937281704,3.9754264053934376
4.934146698973374,4.770111301129113,0.031404791992920386,0.5754939901891121,0.06121977376842826,0.03129249179315297,0.003018342638562812,0.031534907082125654,0.19464168586182956,4.718661223451338,3.184456728291472
4.916453804548098,3.5153951081973642,0.027089184785812327,0.14935204968969437,0.0846839577793396,0.01718224475618161,0.0015473154913972016,0.062272938843327824,0.35908853326054546,3.70194032322902,2.574129198757724
3.4569455098119266,1.8062282507190401,0.027182474253197406,0.15600310282443738,0.07838530000924518,0.047784030116850555,0.016366377041739405,0.060699809358149746,0.13446842177491564,2.430116580861345,2.659839196342271
2.7639440677438967,2.888693151684595,0.01724519529556297,0.15562384486221426,0.04811266347761219,0.04899851217610594,0.005297700716525074,0.08248513774328296,0.3414793238916644,3.891173534956442,4.824785320654215
3.557729091027157,3.1177157806634055,0.01681511279700687,0.13955661003431843,0.022048945812188366,0.038249782796531365,0.006984701610719512,0.051589030759002154,0.1737587681575712,2.9188338749063796,4.631376359196684
3.534260503772874,2.9285843101806064,0.02694559687497674,0.14866767243251103,0.0324986716081195,0.04894376379128286,0.016535342758622146,0.04240656947554991,0.1982140838339524,3.9972776867797624,3.5111418428302565
2.0358767742867094,5.083049359143425,0.020774017680377014,0.7249149294435039,0.03307536269917887,0.02938098800204645,0.018337181274208605,0.029876302091968454,0.17978296228643553,4.099376909019563,4.708058388324754
3.6944705007816565,2.0342198869367794,0.031045110907642115,0.15170293204870056,0.09842345686455284,0.02877763342516685,0.01305617763401791,0.032744810320830806,0.39907334032813674,2.5116680379480543,3.590061086342434
3.009052264815976,1.8012731687266361,0.03165548300016166,0.10922073565819355,0.05883303244100499,0.04123346969863717,0.009246695468871097,0.0379525014953461,0.3768748224084722,2.87807096141654,4.008734142853278
4.97428805412701,3.2529381963138677,0.014798534100351066,0.11988621491662231,0.0343723030854816,0.015011883224809022,0.020344358164040725,0.0421855666506493,0.12296251327857187,4.036831959533389,4.8069724617411556
4.868090415203863,2.4693607056206774,0.023886393045064118,0.1397042440922041,0.02060119934106071,0.03934599215042215,0.018584581861779585,0.0715041650528372,0.3061436041721151,4.159277546146898,4.029820300825268
2.230646570522455,5.103626976079655,0.027026758934965416,0.7652187875935942,0.09972816417546403,0.03748599114719811,0.016812427327519742,0.06466833529473842,0.22967851804524747,4.694030906068454,3.618214572016364
4.68578925951813,4.943169461630024,0.02167180124113218,0.7915987387784464,0.09056754984946563,0.04721414789819582,0.023394275442311506,0.06197413560789327,0.050809800884449564,4.3506973364658625,3.5260640277583075
2.0520345909392965,2.4983697335829467,0.025284895911132154,0.11328045536373735,0.09610921489827286,0.02820982166841517,0.014721831850328654,0.07455714961378775,0.24705637555034493,2.2788050800198048,2.9530057635309905
4.255980064510229,4.811353075312026,0.03605676044457047,0.7554943747326984,0.06622430520025815,0.03326932782644794,0.008177626484733826,0.0926857585723421,0.1694888450067441,3.4355064992149904,3.55994150269
4.339302692042955,5.177731432731565,0.033595000596328424,0.7673376283214349,0.0966162474507187,0.023311873568191276,0.0005215162309429678,0.05280176729337882,0.2946413644958872,3.936046836412121,2.9181747417983854
4.6806971350406466,1.9129892269935247,0.02033418371077101,0.12637795822916184,0.07083684714465886,0.037135642013355966,0.024894471745310228,0.08662280188073954,0.2804391905219479,3.9733972666467774,3.8892046503671307
2.2080001143608383,3.316049730772823,0.017591695910568753,0.15740920557056348,0.025384392763714327,0.01904882210933939,0.015986961935409154,0.07057335145797634,0.2893897151738784,4.286979871793806,4.827010047332871
4.711989198054903,2.4247973269264866,0.015073220267313848,0.16577329477981595,0.03642841170245115,0.022387371447532247,0.02339604426433925,0.04836937544748597,0.21963918690932394,2.146648324073825,3.072156316918529
5.046405151986892,1.9189756578427555,0.0276908432392581,0.11127631330510394,0.0543367334868724,0.026185662514254655,0.00294241232173451,0.06612572518956444,0.2013568843474149,3.3615966919776876,3.0004266690984984
2.1255407061523375,3.1489290512475003,0.02071261141064295,0.1559136653820419,0.07784254728433547,0.018621489072760275,0.004661507294377132,0.09317351608337035,0.13539947525498808,2.0560446057942596,3.5091201651158537
2.687711053913216,4.8169758696007845,0.02079743644538451,0.5888490483210759,0.056409319977801714,0.017337125173162733,0.013675065610425342,0.060613200819843505,0.2544330039529172,3.9277495056195213,3.2538446434772017
4.870490008132562,3.4602078474714286,0.021054032607459375,0.1347614875311131,0.06816106807395898,0.026870886135709492,0.010529965856986552,0.07504440102458815,0.18934390138754537,4.4628389003076006,4.161185598449327
1.8418666528361713,3.3237463651656385,0.02436095931482804,0.152341193161233,0.09397782490190308,0.028709360076448392,0.024357476162877756,0.05484722110882124,0.2812744616786506,2.607204764279368,2.3705812386445846
2.39238848137332,1.802753608512087,0.017014070524655416,0.13015697274105809,0.0760299697399897,0.029251440851384126,0.020985318780086113,0.05714032583197364,0.107603739712059,2.3658266842557176,3.13004388270238
2.5366206146658943,4.916273168621699,0.03426720311276119,0.6788186491722273,0.06976204366594824,0.03984831668006958,0.010809727398581624,0.09378077064737214,0.191990374598357,3.6556985828130424,4.2222795945799465
5.096469481890751,2.7395635254635144,0.03525225590215975,0.16518160278162217,0.02251254571659621,0.03137595841522958,0.016738641257801206,0.041888215700850745,0.19258809104878227,2.6818682057143137,2.7043429525675466
3.7931775640114975,4.875908356686365,0.011242086311967325,0.6765958681084443,0.04742589303799877,0.041918766113313716,0.0013172873349222404,0.0508334836320176,0.4363299339644613,4.1686231142883585,3.0172415538102246
4.6862249256519,4.732394723273371,0.022985992326653843,0.6998745022412526,0.03553760743649924,0.023931540525118318,0.024996257124313453,0.053371337519640974,0.14020350568052065,4.227282824435989,2.6855720401437164
4.3693114473380605,2.717039032653367,0.035455223974667556,0.16405141078406332,0.09726395584500172,0.026069005834272664,0.013533468210301642,0.06919800144628718,0.4127741262875937,3.4110742346713607,4.302574041960286
4.451176970001159,2.166830496295931,0.01377220487660282,0.1328135576101164,0.05597754000675746,0.029159377549950377,0.01102555045359361,0.060819461426910894,0.2325643572470884,2.578492812370654,3.2744744905431746
2.1085322877892314,3.2959735804782695,0.02530261623543338,0.15290361614292083,0.04957118108247536,0.04512779502716127,0.011256465507342769,0.08233432241179829,0.2739803654127568,2.976523160488682,3.0884982992655727
1.8560938817054768,2.067676457253648,0.019578432283895157,0.14398149294084614,0.060427449125616026,0.029179632097318543,0.014992855696155341,0.039895588102779954,0.22299266976653193,2.871111353584462,3.26940954997683
3.0317116691589465,2.0865348404777877,0.03025833746361644,0.15665157467990484,0.03207279942976847,0.02535797553415766,0.012915521316728988,0.02823119807363529,0.13910806551815427,3.866294921736138,3.9986585817692424
4.69473031461059,4.842984996143601,0.036514991074593,0.7025440791149197,0.07258424001903532,0.03894879730072186,0.004155449740126791,0.06745626580789024,0.3164434644295913,3.521527153540365,4.225314772262336
4.962047151743734,2.3352233835202667,0.010333911119486464,0.14774279176325175,0.09655272248656116,0.022814012649470465,0.006933408030025155,0.05985241347929266,0.24211360706539703,3.1830016736020164,2.068116216569506
5.088146496835669,4.995013347213854,0.01347090902442113,0.5755976934273168,0.03124963274900329,0.034937982439295065,0.01180874309843953,0.06716218278188227,0.08634847119238037,3.4303114993164208,4.70926087714287
3.1511646777171896,3.274205882234371,0.038042941330327075,0.13875680506264432,0.07493662391765638,0.01981353446144793,0.012796876819870748,0.05732303308906828,0.33381246792884695,3.426778894694526,2.44264191205185
4.073018044407435,2.9591748427207474,0.012461436146962473,0.1459627445696125,0.09868340645569601,0.022040574541449483,0.022133138487809123,0.06878286734458824,0.17551025994720643,2.30344290859352,2.4965919200200526
4.350745214525347,3.3047950756014925,0.02332816601558854,0.12111841549786742,0.07763553762255715,0.021660352443414334,0.009430109253257435,0.05816134557533896,0.1470205655428059,2.3057186047524127,4.687917807646523
2.2938702724572004,4.725979704469299,0.026181119877073174,0.7771247502959265,0.043436316972003564,0.04864124580333955,0.011495735488518215,0.04378138667456488,0.3582743189806711,4.373391873420566,2.8861403284800193
4.726673276455254,1.909765809743941,0.022228948612599126,0.12259321392508735,0.02282382781172236,0.01819488446784499,0.014418664250831848,0.04048224681538636,0.12756960663611294,2.6945151334408908,4.749935598789357
2.197746502051616,4.8422558675262035,0.02098733104439183,0.7623006333124485,0.02134791354113668,0.0246174453629201,0.010222974374847656,0.05690951104875417,0.34020297139593936,4.068293624761108,4.912315527470651
3.249333001883111,2.237690094014905,0.03550734493548235,0.14701083316392263,0.06556524468902573,0.04281078665533565,0.018740911489065953,0.03937403072647615,0.40547340702331436,2.268368586214774,2.5451500280192514
4.090269302436578,3.2384604840735904,0.02347842572286816,0.13296247684730347,0.05891584478981561,0.026232063942980655,0.015375468453736893,0.06250279787716961,0.4495992387086721,3.824062317021525,2.8231221114180167
4.4345038347668515,3.044348237037519,0.015485905732940886,0.12920560203605663,0.07616987049403265,0.029281929987553995,0.005267288869706269,0.06464067604253723,0.07089879886333775,4.033024278797442,4.10967266083721
3.700530819327201,3.048628133181749,0.017350817388553194,0.10082532156837994,0.032759941124919825,0.016593830257342606,0.01830867410288049,0.03129507597957662,0.27435069850269506,3.6798087406728275,2.743160171894486
3.795704625090763,2.585633926833296,0.019944358835266567,0.1081212632636768,0.09385137243258283,0.032965265183117556,0.004528469905388829,0.041367892401338716,0.33705438489621314,4.212328300363643,3.992511390777448
3.239126669465472,5.154771911756218,0.024833877381591995,0.6170189405622731,0.05421186027833878,0.027441078800895215,0.013100288823709186,0.037628045793083584,0.18704018998409805,4.637490541134298,4.51291908061757
2.307971170785819,4.969909660061694,0.025692547926251676,0.5866034935354576,0.06417142320050909,0.03674494054548649,0.001400337061785686,0.04237287963951372,0.36692775673373557,4.038855591445895,4.080996012597879
3.601106811101254,3.466792548614423,0.0361025525349347,0.10880060441523029,0.07751009155734907,0.048815108419264515,0.007455874228835098,0.06322631142014581,0.10555571827708951,3.9993735080735893,4.305413723992473
3.8669823828665058,3.4110701574093234,0.013520816249159181,0.14064836066742242,0.03209373364870157,0.03857910141134289,0.006650734319710857,0.03569643767323043,0.07279910870684017,2.267459245377751,4.922239973493392
2.983462526236698,2.9259320036634526,0.031183942843618376,0.11690060169382926,0.06216851748395691,0.018233117865235206,0.01987726237358927,0.027347656111723434,0.2952775401081091,2.5371020036853418,4.8320338443056325
2.558122345262542,2.7954547471869846,0.016421510074228735,0.10493538019885983,0.08420937213185184,0.030247717532142497,0.021422036883875256,0.04200651791378779,0.07582115856763719,3.7323300976243297,3.9356918475410954
4.020991535736931,5.176785031831195,0.016194217443721216,0.7006080583590851,0.08024675419164108,0.037516554697204135,0.002805623198610831,0.040920843163631815,0.09370247148311979,3.9790423756786413,2.85565050867653
4.392599861666784,2.5274595810024194,0.025759595345372158,0.1258489494424364,0.08331634160553143,0.04187663958030778,0.0011881679197331112,0.04642093897317181,0.41485672132014995,4.676312460216961,3.727565102119007
2.6881399977411133,2.053189355761534,0.01462636212897886,0.12859286716078444,0.07560699446215426,0.03538839640788831,0.007448566482056199,0.06158650667521705,0.09798294075085179,2.610566345285595,2.284353337728564
2.580982136650847,4.9946134124370705,0.014043201377243453,0.7713197484627139,0.09442298573105165,0.02970715512116022,0.007866706197041325,0.05452081204107132,0.30936329801470774,4.7660045217846,4.143460073219938
3.6028938436062248,2.056716975056424,0.03375212805317932,0.15713085646486044,0.032150995983976347,0.029438663488219503,0.0068390722493161145,0.03102002609079265,0.23878263505667996,3.3997552898361634,2.3574359090744768
3.000805705882053,4.777911634979861,0.036439647200262985,0.714787841247784,0.09136350745541034,0.02282379905752148,0.021284080272634006,0.09888159285639059,0.26352669175033955,4.14635919036986,2.9000477378835745
2.60971008687489,4.993551763598373,0.037086218669824055,0.735853620033104,0.08100509351963571,0.029631858285518373,0.006001027619745782,0.08710907949425005,0.06663810528943562,3.6054369928914602,2.231218855101928
2.3282725887252655,1.9044367858420839,0.013064266465248046,0.11265272250207665,0.06476467336365926,0.04855758871343938,0.023419752678739365,0.05294485440539986,0.09006510754692616,4.9041214140894045,2.8672363404795647
5.150099023421523,3.0379494463419716,0.01171311872218409,0.1613074636532475,0.04956172336934425,0.029866092664642234,0.0018486166630864284,0.08309218389549641,0.3022147161662375,4.598120143799129,2.1878998154944758
3.679655637623937,2.128618437987684,0.01445551630641316,0.14009163522215562,0.0622402441343336,0.01824788252170582,0.011493464317673232,0.04420388110195725,0.3039075510324428,3.3266846005521624,2.4901060966692286
4.100371407035787,3.3826824320095783,0.038016469355972374,0.15005656371236326,0.07035033059901144,0.030333851399131476,0.013999496690284963,0.0657915844764948,0.08833586769107206,2.267985976380431,4.793137581946839
2.312318512254632,4.721530222616004,0.025855793662616783,0.6018641707535773,0.041879139064707124,0.030979029754479845,0.00985311068423308,0.06880802489460838,0.12513092186544356,3.4433334664542157,3.6115952954995194
3.6308605915734105,5.064075045407501,0.014233067832881008,0.6239721811878807,0.08866773972813861,0.04609677219684655,0.006620031708726235,0.030836563291691602,0.13040923868223747,4.818780682303345,2.550250125257323
1.86758885792145,4.953226269849953,0.03762445347336399,0.754561513368629,0.025675526703439602,0.021456837957154414,0.011573239371787149,0.09365866494185612,0.07446093636830822,4.844233515985962,4.865601288714025
3.3491860300884353,4.929957905099151,0.01810454825585039,0.7679968220829417,0.07996092197816447,0.020237033381014964,0.008095570493167855,0.08137194494110866,0.23138511091360014,4.7201829660131445,2.387653656246422
4.52307127898701,2.6175966103695627,0.02131026766303723,0.10238382623350226,0.08244732387778106,0.017425122085060762,0.01914353276271462,0.09194337677408781,0.23508704339704456,4.112888427420897,2.3644745932058413
3.710646052192028,2.957673390405449,0.023674578402614995,0.15417799958371922,0.04895605424490951,0.04994975044663798,0.01588049283081625,0.05678783621437741,0.16936331360867224,3.4399844927616003,4.015429863712969
2.205433927189027,4.776775118145361,0.011224193823901944,0.7211979420399283,0.038419225495993053,0.033495071141980456,0.0107531695645971,0.052097259382458454,0.3288956391944592,4.006291923685502,2.56717374307152
2.085531412912567,4.957712089872993,0.031600418725185375,0.6894041517959862,0.088969783016152,0.01980205016603258,0.024247374517958956,0.08366921845233052,0.1138501776257418,3.7255650555517765,2.061558450750928
5.114418047080701,2.123334453229606,0.024873695467633412,0.11625813001757479,0.05647461427544159,0.0293749172224921,0.004584328582057598,0.0701548235977576,0.18011399221398555,3.182325454436539,4.3210034624318086
3.8736379258632123,2.0278589009445795,0.011279619410603046,0.10967592182780082,0.03594827534424419,0.029205271169786245,0.0032132132110312345,0.0269923175292379,0.41101806399025687,2.7926048056137,2.1330284007651183
4.625807186256863,1.8956319780082334,0.02761733338634747,0.13911978257044494,0.020245869600843104,0.02508404897776898,0.014563105076175234,0.0828790319146846,0.27598993096853514,3.825229935504898,3.4702715232543166
3.9118426961634665,2.3502078777324966,0.03858811778542036,0.15263127220011147,0.028920549855830917,0.03985330600764646,0.008200259826125102,0.03870657293743001,0.210107982578361,4.069695993478735,2.405431004840107
4.159043142398111,2.577699775217609,0.031778523743718104,0.12099790347270778,0.08345823576894214,0.021342202412553198,0.024687538808121173,0.07342310046886674,0.22548658315069536,4.3190616310095225,4.858914154507209
3.0128835797434474,4.777308606499764,0.03293573179114559,0.7079862611091383,0.05575628945760759,0.02614050811995306,0.016171215232707693,0.06181603492497045,0.15819114989317373,4.571637822639536,2.964022732355641
4.755088654375611,1.8299052539337506,0.020808807156300808,0.14053459884737468,0.04272933210472914,0.0169024985008461,1.837224406918551e-05,0.055384112584123235,0.3558865069212267,4.115642595231986,4.7031169234823995
4.898605601654182,2.5803263999321233,0.015565649966368389,0.15236004178846113,0.09476441791697819,0.015646670094549047,0.01787598003849876,0.02732341585207802,0.1504434944714042,4.799600440607326,4.843356261874998
4.1641239858055075,2.3840986625881624,0.035581261155711794,0.16551830696373254,0.059633263507859635,0.022963481458780494,0.01293569392157212,0.06949537156765861,0.24423818907628247,2.540294232290141,3.174612381040063
1.9649901484368169,3.0728970926575716,0.034864736961987275,0.14037642310300524,0.026461988475563025,0.038523690449445744,0.003945779994347123,0.06645150306848117,0.19156556085152843,4.678656071197316,3.7678246115870797
2.4571888233599988,5.198689004212497,0.021758092288239914,0.6916238952129595,0.04169839035417656,0.01718647162546369,0.011906017907568187,0.08621693273187327,0.13551855874288876,3.896767910373751,4.623768587662889
4.520722757328666,5.002481867742725,0.011953850721972118,0.6565594673903041,0.06492755401439984,0.02152041010549244,0.019534917243680828,0.034706794443474846,0.18291393683171137,3.4868501309926305,2.0869585777426187
3.3968020045742735,2.870581974315302,0.02456210587868743,0.16430853186516814,0.08548883207105147,0.03404285213057896,0.014397837215065996,0.026495047528220343,0.2062196647914853,4.57423796391517,2.996642064607846
4.641823640636788,4.752904464857929,0.032740762976937704,0.772104167745223,0.04189130352711864,0.024986004705273797,0.011411913443522123,0.09717371506150782,0.40823931001623126,4.214291906137232,2.9437659928690563
2.458781749414636,5.018806399063476,0.03805340271935754,0.5976738089263172,0.023687791707999943,0.02522382872553848,0.016082622939525386,0.046044758772533695,0.40036713771273397,4.165087452912964,2.793262475373674
3.8815994417798887,2.4280314182550216,0.01865489447004913,0.1322386477233331,0.025242738320902,0.022153252410110062,0.000799243877393835,0.05795080804801233,0.379540346499115,2.1837350888735814,2.209838669097611
3.334328176003111,2.4327886941352013,0.014396066752590107,0.14523942120806632,0.044865242616610526,0.035701907042566365,0.020426797735257275,0.06533683909231827,0.24109173779297038,2.261882213059903,3.7536936945279606
5.000417320475892,2.6684205943352026,0.02440843172917658,0.13003771372865977,0.04276477691859862,0.034275158284615054,0.013775800598903258,0.04319877792232413,0.3333612060793111,3.015434993752166,4.151389888179021
4.991013748477409,2.2232081700384168,0.02765988038253195,0.15546522191440645,0.07522864886417072,0.049905775450967894,0.02080543703646046,0.07494038960365312,0.42960824589937335,3.0258673184853064,3.574725316643609
4.90314492027136,5.086032270495744,0.03117804154985939,0.7731024011419051,0.04596318757653696,0.04842421547069335,0.017403591642679666,0.0850202582403031,0.3310027793196816,3.9461924106703785,3.375660422664221
2.852946716043901,1.9763323829334498,0.024125680215941275,0.12180812527847507,0.08616786630360299,0.026350424341537025,0.023292370845630548,0.08554258511375018,0.08187504493925593,3.120913796055067,4.125962149986396
2.072148482295793,2.9040149809717333,0.011901721654973194,0.13304075087102354,0.08581493972500578,0.016270469120893055,0.01218613538836193,0.04365833657857434,0.0743806673167609,4.9973691986574345,3.323561993743953
4.20291803695652,2.7114878213687748,0.03889308251231384,0.13946794973349919,0.08559901012314929,0.04593756912231471,0.02369533844093199,0.026549648952425772,0.15787262945506614,3.1523710344482088,2.1497701054902802
4.07556488607208,4.775882785414842,0.010639408237858297,0.7405552873778312,0.07923577615739974,0.023796903992176786,0.012395548509855291,0.02570002552243475,0.0858783471494387,3.47594507647133,3.6415651163784957
4.9767202798746295,4.681554532613646,0.02736268519818265,0.5863927957620263,0.054971743895573286,0.04885337437308923,0.01758398344661176,0.06392595509906185,0.43762291050677055,4.359896403885535,2.724711720445315
3.8143231910242346,2.2923094969013738,0.015234897642277864,0.10526592976945172,0.031128575928730362,0.015308276210621327,0.0014950236075763146,0.04299399325177187,0.16549187876357133,4.5599294826655665,4.418299982044806
1.9496924423609332,3.1000100039630554,0.03801347341663207,0.10301783977193794,0.07012503141122534,0.04081468091741537,0.008524395485107894,0.03291609875565016,0.13381873760256013,2.359561755237566,3.162856879303003
2.317141832271897,2.070974252507533,0.038185855555254805,0.12137421324198679,0.041468904398057296,0.04130284751685387,0.008440451715337098,0.05087995505204228,0.07681867094799932,2.673116184337207,3.3076221444012424
2.9328379232214514,5.02466711692678,0.014759588269750042,0.6146493271873711,0.024283973996955664,0.026319265250238272,0.010588633803173679,0.03106266056692994,0.32455437515317853,4.56465593344574,4.596317226258744
3.6988363798102593,3.277256543354154,0.03938292805410604,0.14162047097476183,0.04326783409844087,0.020300824553197636,0.015446384837022925,0.0681335691651475,0.3191402015273899,2.150166018938178,2.5877832755809393
3.6377156224183977,2.3330268433318833,0.02287657890647389,0.1600510037824236,0.08921500818655133,0.02385814863153622,0.0031698918676785976,0.04350169892560555,0.16643189764023253,3.7807306468640784,3.0881444991084095
3.029707750381131,3.394895594588708,0.03864819563364699,0.10948706132711541,0.03405263368768066,0.04965526194193951,0.005790952713793239,0.07852734890904349,0.12737502396111583,2.2346245882940474,3.9737234649988875
3.932881182182599,4.7036790505092245,0.02766913691231379,0.690534751786221,0.07731534935617371,0.027556827213777432,0.007911632571885794,0.04820371670172466,0.24533976497980298,4.375551479211806,2.3047475553770007
3.398054012720821,2.4387188126673216,0.01318461299840652,0.136154568459452,0.020175545927373553,0.015658051668237027,0.008346748093552157,0.0422369576986068,0.15691784361509786,4.3002766107970585,2.941056048181844
1.933789497893765,3.418234026609859,0.010144138663050284,0.12329187953073881,0.07295975450186022,0.04469669913378031,0.0031881725999327783,0.07442333005143399,0.14139431957054613,2.4526566966922076,4.9485335835479445
4.31310152559899,5.162246775001303,0.027740322242028666,0.5907761451217505,0.057940528140560346,0.042708586984461186,0.0026118651167295146,0.059571654060676854,0.25483810856367933,4.352638091506703,2.426863900129881
4.465835493472829,4.833747122644968,0.034596112431908306,0.6812719526220609,0.03379130411325083,0.032981979965969334,0.02074679381451589,0.03709280785642502,0.33234980450695173,4.960735915462013,3.013382068515937
3.1606421603506494,2.71903374427918,0.011373745309970526,0.128506283808342,0.020790829340757842,0.04760724749832304,0.021719415489351156,0.0979957937339738,0.062020645576722565,2.7148187937635138,2.8956138717550335
4.592805861558324,3.2577558426280593,0.034682416341182784,0.10459385629457711,0.09420816460871825,0.03133097537381901,0.013514061713484671,0.06444236155888905,0.18828903283853365,4.306277560421266,2.1607027231949614
2.983892439056055,1.8486049989267168,0.025545806721753078,0.1613717576747462,0.06562048520988423,0.04571995426677856,0.02475856345121937,0.06825756887401732,0.219401880389549,4.932253753729939,2.001679014550418
3.044096586486873,3.1299745535035757,0.028120023757676603,0.16286471839299338,0.0978319477968079,0.048495990910523756,0.00012096397473858195,0.061782232232704855,0.08370991176592249,2.4801685281255668,2.693468391019567
4.357871465258633,3.251574293214335,0.036631881610275606,0.13135454758773954,0.04604582974291384,0.04558210950692953,0.008046088806969972,0.08933522080484782,0.16144161260723305,4.3280029037439105,4.3175144454433605
3.2138158043691694,1.9595233929856244,0.013794719366907845,0.13535109720746685,0.026968884373072294,0.019923428401784876,0.011715739866619808,0.04743398958205412,0.1381993925766331,2.9172674650161268,4.741176458096797
2.849911368169737,1.8612371506762435,0.010717800361112492,0.13334696575426452,0.037362681151433,0.031777102386028426,0.01475792407065523,0.053416704523254185,0.10599504245045595,4.8074210279584015,4.778387821001386
4.795713275494749,4.949661442524933,0.014155842393532875,0.6063386989245994,0.06009771650149151,0.036956859273220385,0.012427145205871721,0.080291200127292,0.1474422268902359,3.642850550803328,4.553275825965471
4.902366743794412,2.2379759935003305,0.037537729584676896,0.116392568966989,0.05863448134001485,0.021472833738407884,0.005126346096046312,0.026829559628647,0.3227857183279754,2.4667726467627586,3.9980795650244683
1.8582135256764554,3.393993088324738,0.03960297756916784,0.15684850946447718,0.09815711606632155,0.042912103166389354,0.015404622501105275,0.026032028235502762,0.347481594057802,2.674571191087337,3.264899998926807
5.178319171381706,3.261034821838386,0.012085141655355965,0.11076846974880243,0.07921589848553356,0.03979361729707899,0.01993419367720739,0.07040958037321289,0.4204856439368593,4.831352291670857,3.4678785636442715
4.842723974945341,4.926596248723604,0.013481363821999257,0.6944013346112605,0.035170095777311484,0.045465872628591225,0.003759516067932793,0.07132376543531507,0.4241948649016759,4.900523647908265,4.696465626932843
2.9222638877662894,4.75983515541677,0.028476958597404317,0.7893556671855121,0.028248158154411604,0.030950278491274085,0.019473818103400993,0.06116553867252807,0.35635423042347447,3.9959800646074335,3.995914391910631
3.6869040618038613,5.158789800147123,0.02839662678969502,0.7747717124366612,0.09679344931285891,0.02455151104960845,0.02480194728296151,0.05490005427220382,0.06509444670140929,4.72384702444083,2.4098926131141463
3.217033496728325,5.073094356241791,0.0332275132152728,0.5943384717741268,0.0737341110525373,0.04273848919104066,0.014090879482890745,0.062064079331235686,0.277037874834638,4.991012615129275,2.5772827055119882
3.3778558260685596,2.158821477054603,0.01891167819756219,0.12117905017431899,0.09597416789231059,0.03632903581421767,0.02246211793590148,0.05910866354305375,0.3814151944291589,2.036641397624053,2.4518418933364887
3.213101065848041,2.048569086999545,0.011449014062987602,0.14585614546390568,0.08494018168333246,0.028728710680448584,0.021712387259789495,0.09652610366223832,0.36447226443053715,4.142002503483967,2.1820745608928376
4.759082187969474,1.9687206525541723,0.014327686160657969,0.16336480879261062,0.035451815657438206,0.017357295073637095,0.001129235626526312,0.03559947297140044,0.14633864612855269,4.867225910749941,2.47012560700008
3.7555951568493664,5.0273184952881165,0.03597494379174756,0.5814105044413156,0.04499720578268267,0.03964436776985673,0.0012404931265038409,0.05013735481415016,0.21810057690496337,4.59040762338979,2.6210677766119175
2.0241398097669068,4.702357385708517,0.014356466477023672,0.6854905272037817,0.06545421619159095,0.030137467341775595,0.009173853038691062,0.03173928161466511,0.0841040944781223,4.339570260573984,3.5927854978414393
1.917213234536283,2.9141784611946004,0.026464801294113244,0.11085263057974784,0.04825751311110789,0.042425650520378874,0.018823870811594548,0.04464754228747787,0.28377424718866034,3.5293041774039473,3.6440057018996517
4.454861419755849,5.190662512222808,0.021210255046487575,0.72044092718321,0.06911119479402322,0.025255650753614255,0.005870165117175935,0.06983565842916603,0.15709917099489756,4.7805956176071485,4.229272476841494
2.9520268290066314,2.501162708094323,0.010140069606316466,0.1324871993716724,0.06656712961303758,0.046202949820353556,0.014067705729147915,0.02856357651167375,0.25872285744155277,4.126941159532469,2.0173469475385364
4.365863632799045,2.924446070941106,0.012340958883492974,0.10316391473617417,0.07366732302718015,0.02759204025857598,0.01046046223646489,0.04450203293196714,0.0973749384074582,2.473439132872089,2.1610952405576778
3.774118376756713,2.3709093047720655,0.010211107293308172,0.1348764838082791,0.09540216276010621,0.025027945025118268,0.011290639926210707,0.09703459931075661,0.2826607388770707,3.4248676700806824,2.3960746819452607
4.070213749139254,3.052559212214039,0.013789959989364971,0.12833040194320156,0.048310370125993915,0.03480516990414661,0.0019587168669484823,0.09963354262457993,0.10668565048306013,4.999323565541138,4.062501705993053
1.9148807336841867,2.501971983619802,0.02104318437238579,0.15013116081326386,0.08189309964336797,0.03848128350910181,0.016086923012283687,0.08747586052078499,0.20192876034369828,3.9889500701232565,4.934827678733052
2.539939762231281,5.18022876502621,0.024766995771779342,0.6795030636436068,0.0698165862732886,0.02304946181884847,0.015436586974613248,0.050945937378979476,0.07558722212841254,3.8808827270698067,4.683981040358226
2.5453314715587947,2.7537808513203914,0.011780138858231046,0.16094100684789905,0.05836085658346998,0.02171694528458583,0.01920293436916452,0.09024692484708183,0.1200681937111758,2.9395109641069253,4.315160456605012
1.8255345422425733,5.118000469606736,0.03218823853083992,0.6255264464556917,0.04658175558603118,0.04779041397146842,0.006334794983753152,0.04700533074127032,0.2851546772301438,3.775022790563423,2.157956325781409
2.6834621269068837,2.3023967817106716,0.013359453890913572,0.1578141743822875,0.09184414065139006,0.03352425319911591,0.012826043670907098,0.09001653314881874,0.09361603105802405,2.9356180716638374,2.8296741248388186
4.1516803680456915,3.2788192850339484,0.03611576632687488,0.15100380018694803,0.03380176882468579,0.04734533261836854,0.020614529332345186,0.07785432724585206,0.1485652328112837,4.23973428333462,3.351697562741148
4.241408011028074,3.0456086620067344,0.018438380470551505,0.11229048898791358,0.04934463239300739,0.0322736835679647,0.02155008058854466,0.08885274428453113,0.07560604728080271,3.176819625189192,3.2419774526584044
3.5404010779192086,3.4385145306046647,0.03937055072940643,0.16248504759710133,0.09042201712719476,0.03630954161373079,0.02463606330816977,0.06935023419025488,0.20358092778862769,4.1740144439504885,3.444554834185717
2.4167662587528445,4.872948890047945,0.023906525245505725,0.5969789105334579,0.08568515793943009,0.037122702709825074,0.018092715092304784,0.05174684104638389,0.41957468121434655,3.5757015924679676,3.8058434176534615
2.5840136448817166,3.06663701872034,0.010905291023143932,0.12414134584335063,0.03655237203622634,0.04357933419024443,0.010218263296812163,0.07632766600571797,0.06949534655385858,2.1390422284378503,4.999949941103036
3.9501307599225877,5.165856055075326,0.034389316937775874,0.7707869790005819,0.09557858064032372,0.02559094317781279,0.011430471740721525,0.048501876891870126,0.24121920520202383,4.099787945099918,4.635039691117081
2.6763729535030345,2.8269648247016645,0.011376801528754187,0.10679493400823373,0.0559248976008367,0.04237598525686529,0.005101675562207253,0.06053190693270798,0.2940002518992535,4.758302755654936,4.205687122635791
4.4067853059887625,1.8143100676544872,0.011187084957607006,0.14608595773635424,0.04904050942403412,0.04062609915805844,0.022849364797299796,0.033736934432581134,0.225794125981633,2.826601770361834,4.908305559686748
2.5407205842421208,3.3109828963730843,0.014999630210967535,0.13565011710824285,0.08238796602191541,0.043489524213796225,0.011129748770919119,0.033450771324140566,0.37050236994026825,3.303851739352166,4.764701219283075
2.4253152918602394,4.998480204886924,0.02921650201916034,0.6056336284672131,0.02865375411393114,0.03782712302055816,0.005895877569476838,0.03307539037159052,0.21516107385740263,4.354492557248876,2.676568275575941
